"X1","X2","X5","X7"
"RDN18-1",1,3021.38883035,0
"RDN18-1",2,761.60800843,1.41293709833
"RDN18-1",3,349.131717597,0
"RDN18-1",4,309.357218124,0
"RDN18-1",5,128.898840885,0
"RDN18-1",6,375.64805058,0
"RDN18-1",7,739.511064278,0
"RDN18-1",8,235.700737619,0
"RDN18-1",9,137.737618546,0
"RDN18-1",10,632.709167545,0
"RDN18-1",11,511.912539515,0
"RDN18-1",12,203.291886196,0
"RDN18-1",13,167.936775553,0
"RDN18-1",14,171.619599579,0
"RDN18-1",15,117.850368809,0
"RDN18-1",16,164.253951528,0
"RDN18-1",17,88.387776607,0
"RDN18-1",18,96.4899894626,0
"RDN18-1",19,219.496311907,0
"RDN18-1",20,253.37829294,0
"RDN18-1",21,86.9146469968,0
"RDN18-1",22,119.323498419,0
"RDN18-1",23,721.833508957,0
"RDN18-1",24,112.694415174,0.863207888458
"RDN18-1",25,1453.24236038,1.05622833609
"RDN18-1",26,195.926238145,0
"RDN18-1",27,1932.00948367,0
"RDN18-1",28,212.867228662,0
"RDN18-1",29,81.0221285564,0
"RDN18-1",30,252.641728135,0
"RDN18-1",31,212.130663857,0
"RDN18-1",32,140.683877766,0
"RDN18-1",33,141.420442571,0
"RDN18-1",34,440.465753425,0
"RDN18-1",35,93.5437302424,0
"RDN18-1",36,945.012644889,0
"RDN18-1",37,172.356164384,0
"RDN18-1",38,122.26975764,0
"RDN18-1",39,202.555321391,1.13548934909
"RDN18-1",40,139.210748156,1.32595643363
"RDN18-1",41,58.1886195996,0.766691503548
"RDN18-1",42,792.543730242,0.949911836589
"RDN18-1",43,329.981032666,0
"RDN18-1",44,247.485774499,0
"RDN18-1",45,383.750263435,0
"RDN18-1",46,150.259220232,0
"RDN18-1",47,318.195995785,0
"RDN18-1",48,515.595363541,0
"RDN18-1",49,107.538461538,0
"RDN18-1",50,1210.91253952,0
"RDN18-1",51,156.151738672,0
"RDN18-1",52,397.008429926,0
"RDN18-1",53,83.2318229715,0
"RDN18-1",54,419.105374078,0
"RDN18-1",55,95.7534246575,0
"RDN18-1",56,140.683877766,0
"RDN18-1",57,388.169652266,0
"RDN18-1",58,211.394099052,0
"RDN18-1",59,293.889357218,0
"RDN18-1",60,296.099051633,0
"RDN18-1",61,106.065331928,0
"RDN18-1",62,234.227608008,0
"RDN18-1",63,232.017913593,0
"RDN18-1",64,779.285563751,0
"RDN18-1",65,402.164383562,2.95938328803
"RDN18-1",66,402.164383562,0
"RDN18-1",67,155.415173867,2.78206258066
"RDN18-1",68,174.565858799,0
"RDN18-1",69,101.645943098,0
"RDN18-1",70,300.518440464,0
"RDN18-1",71,747.613277134,2.18729070247
"RDN18-1",72,778.548998946,0.8320675124
"RDN18-1",73,588.515279241,0
"RDN18-1",74,240.120126449,0
"RDN18-1",75,1366.32771338,0
"RDN18-1",76,178.985247629,1.84273261516
"RDN18-1",77,2799.68282403,0
"RDN18-1",78,165.727081138,0
"RDN18-1",79,557.579557429,0
"RDN18-1",80,587.778714436,1.56657118307
"RDN18-1",81,78.0758693361,0
"RDN18-1",82,75.1296101159,0
"RDN18-1",83,270.319283456,0
"RDN18-1",84,260.007376185,1.49329109666
"RDN18-1",85,723.306638567,0
"RDN18-1",86,198.872497366,0
"RDN18-1",87,280.631190727,0
"RDN18-1",88,235.700737619,0
"RDN18-1",89,84.7049525817,0
"RDN18-1",90,99.4362486828,0
"RDN18-1",91,84.7049525817,0
"RDN18-1",92,724.043203372,0
"RDN18-1",93,157.624868282,0
"RDN18-1",94,61.8714436249,0
"RDN18-1",95,150.259220232,0
"RDN18-1",96,121.533192835,0
"RDN18-1",97,747.613277134,0
"RDN18-1",98,106.801896733,0
"RDN18-1",99,2522.73445732,0
"RDN18-1",100,754.242360379,0.883022336188
"RDN18-1",101,174.565858799,0
"RDN18-1",102,31.6722866175,0
"RDN18-1",103,191.506849315,1.47131586942
"RDN18-1",104,472.138040042,1.62868773879
"RDN18-1",105,785.178082192,0
"RDN18-1",106,181.194942044,0
"RDN18-1",107,187.82402529,0
"RDN18-1",108,286.523709168,0
"RDN18-1",109,341.766069547,0
"RDN18-1",110,191.506849315,0
"RDN18-1",111,780.758693361,0
"RDN18-1",112,1126.20758693,0
"RDN18-1",113,95.0168598525,0
"RDN18-1",114,340.292939937,0
"RDN18-1",115,295.362486828,0
"RDN18-1",116,575.25711275,0
"RDN18-1",117,640.8113804,0
"RDN18-1",118,974.475237092,0
"RDN18-1",119,424.997892518,0
"RDN18-1",120,804.328767123,0
"RDN18-1",121,196.66280295,0
"RDN18-1",122,50.0864067439,0
"RDN18-1",123,662.171759747,0
"RDN18-1",124,404.374077977,0
"RDN18-1",125,131.845100105,0
"RDN18-1",126,273.265542677,0
"RDN18-1",127,170.883034773,0
"RDN18-1",128,388.906217071,0
"RDN18-1",129,178.985247629,0
"RDN18-1",130,218.023182297,0.682873377849
"RDN18-1",131,254.114857745,0.853013423394
"RDN18-1",132,719.623814542,0
"RDN18-1",133,341.029504742,0
"RDN18-1",134,866.200210748,0
"RDN18-1",135,274.738672287,1.75139336679
"RDN18-1",136,492.761854584,1.11053566651
"RDN18-1",137,2619.22444679,0
"RDN18-1",138,265.899894626,0.902362646321
"RDN18-1",139,1769.22866175,0
"RDN18-1",140,183.404636459,0
"RDN18-1",141,50.0864067439,0
"RDN18-1",142,171.619599579,0
"RDN18-1",143,236.437302424,0
"RDN18-1",144,1550.46891465,0
"RDN18-1",145,480.976817703,0
"RDN18-1",146,320.4056902,0
"RDN18-1",147,721.833508957,0
"RDN18-1",148,359.443624868,0
"RDN18-1",149,268.109589041,0
"RDN18-1",150,180.458377239,0
"RDN18-1",151,120.060063224,0
"RDN18-1",152,36.0916754478,0
"RDN18-1",153,215.076923077,2.00784739529
"RDN18-1",154,217.286617492,0.767925947913
"RDN18-1",155,103.855637513,0
"RDN18-1",156,505.28345627,0
"RDN18-1",157,358.707060063,0
"RDN18-1",158,542.111696523,0
"RDN18-1",159,535.482613277,0
"RDN18-1",160,358.707060063,0
"RDN18-1",161,190.77028451,0
"RDN18-1",162,25.779768177,1.11918753676
"RDN18-1",163,67.0273972603,0
"RDN18-1",164,137.737618546,0
"RDN18-1",165,183.404636459,0
"RDN18-1",166,304.201264489,0
"RDN18-1",167,171.619599579,0
"RDN18-1",168,764.55426765,0
"RDN18-1",169,394.798735511,0
"RDN18-1",170,1782.48682824,0
"RDN18-1",171,44.9304531085,0
"RDN18-1",172,1358.96206533,0
"RDN18-1",173,96.4899894626,0
"RDN18-1",174,74.3930453109,0
"RDN18-1",175,78.8124341412,1.61253798147
"RDN18-1",176,407.320337197,1.70284502152
"RDN18-1",177,498.654373024,0
"RDN18-1",178,54.5057955743,0.932101984158
"RDN18-1",179,95.0168598525,0
"RDN18-1",180,297.572181243,1.39945299267
"RDN18-1",181,893.453108535,2.63762096414
"RDN18-1",182,775.602739726,0.718238524385
"RDN18-1",183,150.995785037,0
"RDN18-1",184,1336.86512118,0
"RDN18-1",185,211.394099052,0
"RDN18-1",186,41.9841938883,0
"RDN18-1",187,715.204425711,0
"RDN18-1",188,131.1085353,0
"RDN18-1",189,137.737618546,0
"RDN18-1",190,299.781875659,0
"RDN18-1",191,468.455216017,0
"RDN18-1",192,641.547945205,0
"RDN18-1",193,131.845100105,0
"RDN18-1",194,62.6080084299,0
"RDN18-1",195,179.721812434,0.911257730365
"RDN18-1",196,134.054794521,0.674787977848
"RDN18-1",197,201.818756586,0.756711477709
"RDN18-1",198,150.995785037,1.87797949338
"RDN18-1",199,122.26975764,0
"RDN18-1",200,47.8767123288,0
"RDN18-1",201,366.072708114,0
"RDN18-1",202,94.2802950474,0
"RDN18-1",203,77.3393045311,0
"RDN18-1",204,171.619599579,0
"RDN18-1",205,885.35089568,0
"RDN18-1",206,212.130663857,0
"RDN18-1",207,433.836670179,0
"RDN18-1",208,290.206533193,0
"RDN18-1",209,692.370916754,0
"RDN18-1",210,309.357218124,0
"RDN18-1",211,318.195995785,0
"RDN18-1",212,120.79662803,0
"RDN18-1",213,58.9251844046,0
"RDN18-1",214,413.212855638,0
"RDN18-1",215,235.700737619,3.08785432995
"RDN18-1",216,37.564805058,0
"RDN18-1",217,39.0379346681,0
"RDN18-1",218,31.6722866175,0.847740891108
"RDN18-1",219,28.7260273973,0
"RDN18-1",220,223.915700738,0
"RDN18-1",221,746.876712329,0
"RDN18-1",222,989.943097998,0
"RDN18-1",223,117.850368809,0
"RDN18-1",224,260.743940991,0
"RDN18-1",225,572.31085353,0
"RDN18-1",226,132.58166491,0
"RDN18-1",227,124.479452055,0
"RDN18-1",228,508.22971549,1.21767740016
"RDN18-1",229,324.825079031,0
"RDN18-1",230,332.190727081,0
"RDN18-1",231,1550.46891465,0
"RDN18-1",232,119.323498419,0
"RDN18-1",233,107.538461538,0
"RDN18-1",234,61.8714436249,0.790265195268
"RDN18-1",235,471.401475237,0
"RDN18-1",236,120.060063224,0
"RDN18-1",237,772.656480506,1.04294128961
"RDN18-1",238,397.008429926,0
"RDN18-1",239,335.136986301,0
"RDN18-1",240,830.845100105,0
"RDN18-1",241,345.448893572,0
"RDN18-1",242,123.74288725,0
"RDN18-1",243,794.753424658,0
"RDN18-1",244,262.217070601,0
"RDN18-1",245,68.5005268704,0
"RDN18-1",246,685.005268704,0
"RDN18-1",247,313.776606955,0
"RDN18-1",248,1085.69652266,0
"RDN18-1",249,120.79662803,0
"RDN18-1",250,1451.76923077,0
"RDN18-1",251,543.584826133,1.93114302669
"RDN18-1",252,304.201264489,0
"RDN18-1",253,802.119072708,0
"RDN18-1",254,517.068493151,0
"RDN18-1",255,825.68914647,0
"RDN18-1",256,756.452054795,0
"RDN18-1",257,312.303477345,0
"RDN18-1",258,822.006322445,0
"RDN18-1",259,857.361433087,0
"RDN18-1",260,640.8113804,0
"RDN18-1",261,1269.10115911,0
"RDN18-1",262,127.425711275,0
"RDN18-1",263,164.253951528,0
"RDN18-1",264,172.356164384,0
"RDN18-1",265,548.740779768,0
"RDN18-1",266,866.936775553,1.74999203093
"RDN18-1",267,71.4467860906,0.852430044882
"RDN18-1",268,220.969441517,0
"RDN18-1",269,139.210748156,0
"RDN18-1",270,788.124341412,0
"RDN18-1",271,108.275026344,1.33420042773
"RDN18-1",272,41.2476290832,0
"RDN18-1",273,93.5437302424,1.33507399424
"RDN18-1",274,105.328767123,0.932295986046
"RDN18-1",275,395.535300316,0
"RDN18-1",276,500.127502634,0
"RDN18-1",277,170.146469968,0
"RDN18-1",278,281.367755532,0
"RDN18-1",279,223.179135933,1.33236796839
"RDN18-1",280,289.469968388,0.867124248746
"RDN18-1",281,313.776606955,0.809693819832
"RDN18-1",282,204.765015806,0
"RDN18-1",283,48.6132771338,0
"RDN18-1",284,187.087460485,0
"RDN18-1",285,62.6080084299,0
"RDN18-1",286,92.8071654373,1.73529873605
"RDN18-1",287,518.541622761,1.66380077796
"RDN18-1",288,167.936775553,0.952521525397
"RDN18-1",289,27.9894625922,0
"RDN18-1",290,182.668071654,0
"RDN18-1",291,257.79768177,0
"RDN18-1",292,1000.25500527,0
"RDN18-1",293,108.275026344,0
"RDN18-1",294,977.421496312,0
"RDN18-1",295,403.637513172,0
"RDN18-1",296,1008.35721812,0
"RDN18-1",297,152.468914647,0
"RDN18-1",298,27.2528977871,0
"RDN18-1",299,215.076923077,0
"RDN18-1",300,581.886195996,0
"RDN18-1",301,660.698630137,0
"RDN18-1",302,226.861959958,0
"RDN18-1",303,490.552160169,0
"RDN18-1",304,195.18967334,0
"RDN18-1",305,123.74288725,0
"RDN18-1",306,135.527924131,0
"RDN18-1",307,142.893572181,0
"RDN18-1",308,92.8071654373,0
"RDN18-1",309,67.7639620653,0
"RDN18-1",310,214.340358272,0
"RDN18-1",311,654.806111697,0
"RDN18-1",312,665.854583772,1.9646775877
"RDN18-1",313,144.366701791,0
"RDN18-1",314,414.685985248,0
"RDN18-1",315,553.896733404,0
"RDN18-1",316,289.469968388,0
"RDN18-1",317,441.20231823,0
"RDN18-1",318,433.100105374,0
"RDN18-1",319,1361.17175975,0
"RDN18-1",320,146.576396207,0
"RDN18-1",321,65.5542676502,0
"RDN18-1",322,782.231822972,0
"RDN18-1",323,249.695468915,0
"RDN18-1",324,72.1833508957,0
"RDN18-1",325,158.361433087,0
"RDN18-1",326,191.506849315,0
"RDN18-1",327,112.694415174,0
"RDN18-1",328,43.4573234984,0
"RDN18-1",329,11.0484720759,0.856153130925
"RDN18-1",330,492.025289779,0
"RDN18-1",331,416.159114858,0
"RDN18-1",332,321.142255005,0
"RDN18-1",333,138.474183351,0
"RDN18-1",334,75.1296101159,0
"RDN18-1",335,26.5163329821,0
"RDN18-1",336,92.8071654373,0
"RDN18-1",337,141.420442571,0
"RDN18-1",338,170.146469968,0
"RDN18-1",339,167.936775553,0
"RDN18-1",340,620.924130664,0
"RDN18-1",341,419.841938883,0
"RDN18-1",342,112.694415174,0
"RDN18-1",343,690.161222339,0
"RDN18-1",344,148.049525817,0
"RDN18-1",345,45.6670179136,0
"RDN18-1",346,237.173867229,0
"RDN18-1",347,345.448893572,0
"RDN18-1",348,235.700737619,0
"RDN18-1",349,738.037934668,0
"RDN18-1",350,234.227608008,0
"RDN18-1",351,215.076923077,0
"RDN18-1",352,665.118018967,3.33677897183
"RDN18-1",353,30.9357218124,0
"RDN18-1",354,41.9841938883,0
"RDN18-1",355,16.9409905163,0
"RDN18-1",356,116.377239199,0
"RDN18-1",357,291.679662803,0
"RDN18-1",358,161.307692308,0
"RDN18-1",359,803.592202318,1.18888403342
"RDN18-1",360,61.8714436249,0
"RDN18-1",361,39.7744994731,0
"RDN18-1",362,25.043203372,0
"RDN18-1",363,17.6775553214,0
"RDN18-1",364,30.9357218124,0
"RDN18-1",365,150.995785037,0
"RDN18-1",366,549.477344573,0
"RDN18-1",367,441.938883035,0
"RDN18-1",368,435.309799789,0
"RDN18-1",369,175.302423604,1.15362818209
"RDN18-1",370,25.043203372,0
"RDN18-1",371,24.3066385669,0
"RDN18-1",372,174.565858799,0
"RDN18-1",373,229.071654373,0
"RDN18-1",374,738.774499473,0
"RDN18-1",375,95.0168598525,0
"RDN18-1",376,36.0916754478,0
"RDN18-1",377,718.887249737,0
"RDN18-1",378,196.66280295,0
"RDN18-1",379,516.331928346,0
"RDN18-1",380,351.341412013,0
"RDN18-1",381,83.2318229715,0
"RDN18-1",382,137.737618546,0
"RDN18-1",383,57.4520547945,0
"RDN18-1",384,391.852476291,0
"RDN18-1",385,123.74288725,0
"RDN18-1",386,284.314014752,0
"RDN18-1",387,68.5005268704,0
"RDN18-1",388,57.4520547945,0
"RDN18-1",389,125.21601686,0
"RDN18-1",390,115.640674394,0
"RDN18-1",391,168.673340358,0
"RDN18-1",392,243.066385669,0
"RDN18-1",393,206.974710221,0
"RDN18-1",394,497.917808219,0
"RDN18-1",395,191.506849315,0
"RDN18-1",396,269.582718651,0
"RDN18-1",397,50.822971549,0
"RDN18-1",398,324.825079031,0
"RDN18-1",399,495.708113804,0
"RDN18-1",400,2890.28029505,0
"RDN18-1",401,139.947312961,0
"RDN18-1",402,78.0758693361,0
"RDN18-1",403,131.1085353,0
"RDN18-1",404,233.491043203,0
"RDN18-1",405,190.77028451,0
"RDN18-1",406,570.101159115,0
"RDN18-1",407,293.152792413,0
"RDN18-1",408,100.172813488,0
"RDN18-1",409,1355.27924131,0
"RDN18-1",410,47.1401475237,0
"RDN18-1",411,985.523709168,0
"RDN18-1",412,478.030558483,2.58838720437
"RDN18-1",413,205.501580611,0
"RDN18-1",414,61.8714436249,0.749237927008
"RDN18-1",415,471.401475237,0
"RDN18-1",416,229.808219178,1.38693459349
"RDN18-1",417,114.904109589,0
"RDN18-1",418,114.904109589,0
"RDN18-1",419,95.0168598525,0.929734263306
"RDN18-1",420,90.5974710221,1.02998258682
"RDN18-1",421,22.0969441517,0.743678401666
"RDN18-1",422,126.68914647,0.72909639461
"RDN18-1",423,219.496311907,0
"RDN18-1",424,183.404636459,0
"RDN18-1",425,459.616438356,0
"RDN18-1",426,171.619599579,0
"RDN18-1",427,235.700737619,0
"RDN18-1",428,39.7744994731,0
"RDN18-1",429,110.484720759,0
"RDN18-1",430,36.0916754478,0
"RDN18-1",431,100.909378293,0
"RDN18-1",432,24.3066385669,0.856153130925
"RDN18-1",433,145.103266596,0
"RDN18-1",434,41.2476290832,0
"RDN18-1",435,265.899894626,0
"RDN18-1",436,89.8609062171,3.00423374332
"RDN18-1",437,421.315068493,0
"RDN18-1",438,236.437302424,0
"RDN18-1",439,120.060063224,0
"RDN18-1",440,520.014752371,0
"RDN18-1",441,118.586933614,0
"RDN18-1",442,171.619599579,0
"RDN18-1",443,67.7639620653,0
"RDN18-1",444,46.4035827187,0
"RDN18-1",445,204.765015806,0
"RDN18-1",446,266.636459431,0
"RDN18-1",447,100.172813488,0
"RDN18-1",448,184.141201264,0
"RDN18-1",449,170.883034773,0
"RDN18-1",450,87.6512118019,0
"RDN18-1",451,587.778714436,1.62025148629
"RDN18-1",452,232.017913593,0
"RDN18-1",453,928.071654373,0
"RDN18-1",454,91.3340358272,0
"RDN18-1",455,288.733403583,1.06481052686
"RDN18-1",456,40.5110642782,0
"RDN18-1",457,44.1938883035,0
"RDN18-1",458,43.4573234984,0
"RDN18-1",459,83.2318229715,0
"RDN18-1",460,36.0916754478,0
"RDN18-1",461,119.323498419,0
"RDN18-1",462,306.410958904,0
"RDN18-1",463,162.044257113,0
"RDN18-1",464,110.484720759,0
"RDN18-1",465,158.361433087,0
"RDN18-1",466,27.2528977871,0
"RDN18-1",467,476.557428872,0
"RDN18-1",468,55.9789251844,0
"RDN18-1",469,245.276080084,0
"RDN18-1",470,403.637513172,0
"RDN18-1",471,256.32455216,0
"RDN18-1",472,103.119072708,0
"RDN18-1",473,89.8609062171,0
"RDN18-1",474,528.116965227,0
"RDN18-1",475,205.501580611,0
"RDN18-1",476,380.06743941,0
"RDN18-1",477,1028.98103267,0
"RDN18-1",478,89.124341412,0
"RDN18-1",479,57.4520547945,0
"RDN18-1",480,731.408851423,0
"RDN18-1",481,682.059009484,0
"RDN18-1",482,1980.6227608,0
"RDN18-1",483,135.527924131,0
"RDN18-1",484,206.974710221,0
"RDN18-1",485,8.10221285564,0
"RDN18-1",486,7.36564805058,0.704150037479
"RDN18-1",487,34.6185458377,0
"RDN18-1",488,32.4088514226,0
"RDN18-1",489,80.2855637513,0
"RDN18-1",490,26.5163329821,0
"RDN18-1",491,393.325605901,0.742363473693
"RDN18-1",492,145.103266596,0.670812853605
"RDN18-1",493,717.414120126,0
"RDN18-1",494,60.3983140148,0
"RDN18-1",495,16.2044257113,0
"RDN18-1",496,13.258166491,0
"RDN18-1",497,53.0326659642,2.13537677486
"RDN18-1",498,134.791359326,1.26526579625
"RDN18-1",499,184.87776607,0
"RDN18-1",500,455.197049526,0
"RDN18-1",501,110.484720759,0
"RDN18-1",502,97.2265542677,0
"RDN18-1",503,174.565858799,0
"RDN18-1",504,115.640674394,0
"RDN18-1",505,708.575342466,0.975202090477
"RDN18-1",506,498.654373024,0
"RDN18-1",507,137.737618546,0
"RDN18-1",508,62.6080084299,0
"RDN18-1",509,28.7260273973,0.828138754755
"RDN18-1",510,191.506849315,0.717955837004
"RDN18-1",511,406.583772392,1.10077549964
"RDN18-1",512,134.791359326,0
"RDN18-1",513,73.6564805058,0
"RDN18-1",514,148.786090622,0.816327150431
"RDN18-1",515,200.345626976,2.94330393691
"RDN18-1",516,191.506849315,0
"RDN18-1",517,1358.22550053,0
"RDN18-1",518,96.4899894626,0
"RDN18-1",519,480.240252898,0
"RDN18-1",520,501.600632244,0
"RDN18-1",521,266.636459431,0
"RDN18-1",522,167.936775553,0
"RDN18-1",523,334.400421496,0
"RDN18-1",524,94.2802950474,0
"RDN18-1",525,197.399367756,0
"RDN18-1",526,612.821917808,0
"RDN18-1",527,159.097997893,0
"RDN18-1",528,939.856691254,0
"RDN18-1",529,291.679662803,2.70657677487
"RDN18-1",530,430.890410959,0
"RDN18-1",531,493.498419389,0
"RDN18-1",532,696.790305585,0
"RDN18-1",533,852.942044257,0
"RDN18-1",534,1275.73024236,3.79769212823
"RDN18-1",535,355.760800843,0
"RDN18-1",536,244.539515279,0
"RDN18-1",537,293.889357218,0
"RDN18-1",538,34.6185458377,0
"RDN18-1",539,142.893572181,0
"RDN18-1",540,348.395152792,1.36277418036
"RDN18-1",541,507.493150685,1.60614658173
"RDN18-1",542,451.514225501,2.3512973694
"RDN18-1",543,697.52687039,0
"RDN18-1",544,472.138040042,2.42413589417
"RDN18-1",545,748.349841939,0
"RDN18-1",546,444.14857745,0
"RDN18-1",547,212.867228662,0
"RDN18-1",548,187.087460485,0
"RDN18-1",549,139.210748156,0.730622248841
"RDN18-1",550,71.4467860906,0
"RDN18-1",551,80.2855637513,0
"RDN18-1",552,248.95890411,0
"RDN18-1",553,133.318229715,0
"RDN18-1",554,357.970495258,1.71474816949
"RDN18-1",555,178.248682824,0
"RDN18-1",556,174.565858799,0
"RDN18-1",557,371.965226554,0
"RDN18-1",558,287.260273973,0
"RDN18-1",559,83.2318229715,0
"RDN18-1",560,49.3498419389,0
"RDN18-1",561,88.387776607,0.782152549481
"RDN18-1",562,98.6996838778,0
"RDN18-1",563,69.9736564805,0
"RDN18-1",564,156.151738672,0
"RDN18-1",565,120.060063224,0
"RDN18-1",566,115.640674394,0
"RDN18-1",567,255.587987355,0
"RDN18-1",568,141.420442571,0
"RDN18-1",569,86.1780821918,0
"RDN18-1",570,180.458377239,0
"RDN18-1",571,290.206533193,0
"RDN18-1",572,114.904109589,0
"RDN18-1",573,144.366701791,0
"RDN18-1",574,41.2476290832,0.991312714206
"RDN18-1",575,45.6670179136,0.879236744038
"RDN18-1",576,271.055848261,0
"RDN18-1",577,187.82402529,0
"RDN18-1",578,49.3498419389,1.03323792394
"RDN18-1",579,623.870389884,1.48886084075
"RDN18-1",580,355.760800843,0
"RDN18-1",581,510.439409905,0
"RDN18-1",582,234.227608008,0
"RDN18-1",583,185.614330875,0
"RDN18-1",584,54.5057955743,0
"RDN18-1",585,75.1296101159,0
"RDN18-1",586,130.371970495,0
"RDN18-1",587,178.248682824,0
"RDN18-1",588,145.839831401,0
"RDN18-1",589,77.3393045311,0
"RDN18-1",590,50.0864067439,0.711204795013
"RDN18-1",591,464.772391992,0
"RDN18-1",592,271.792413066,0
"RDN18-1",593,108.275026344,0
"RDN18-1",594,176.038988409,0
"RDN18-1",595,85.4415173867,0
"RDN18-1",596,145.103266596,0
"RDN18-1",597,212.130663857,0
"RDN18-1",598,642.284510011,0
"RDN18-1",599,286.523709168,0
"RDN18-1",600,1634.43730242,0
"RDN18-1",601,774.866174921,0
"RDN18-1",602,241.593256059,0
"RDN18-1",603,30.1991570074,0
"RDN18-1",604,329.981032666,0
"RDN18-1",605,111.221285564,1.31645305837
"RDN18-1",606,190.77028451,0
"RDN18-1",607,635.655426765,0
"RDN18-1",608,99.4362486828,0
"RDN18-1",609,226.861959958,0
"RDN18-1",610,472.138040042,0
"RDN18-1",611,75.1296101159,0
"RDN18-1",612,142.157007376,0
"RDN18-1",613,56.7154899895,0
"RDN18-1",614,43.4573234984,0
"RDN18-1",615,154.678609062,0
"RDN18-1",616,212.130663857,0
"RDN18-1",617,256.32455216,0
"RDN18-1",618,64.08113804,0
"RDN18-1",619,29.4625922023,0
"RDN18-1",620,42.7207586934,0
"RDN18-1",621,210.657534247,0
"RDN18-1",622,97.9631190727,0
"RDN18-1",623,84.7049525817,0
"RDN18-1",624,92.0706006322,0
"RDN18-1",625,798.436248683,0
"RDN18-1",626,40.5110642782,0
"RDN18-1",627,157.624868282,0
"RDN18-1",628,257.79768177,0
"RDN18-1",629,146.576396207,0
"RDN18-1",630,180.458377239,0
"RDN18-1",631,346.922023182,0
"RDN18-1",632,127.425711275,0
"RDN18-1",633,48.6132771338,0.682123731149
"RDN18-1",634,103.855637513,0.736192506884
"RDN18-1",635,357.233930453,0
"RDN18-1",636,207.711275026,1.62123640019
"RDN18-1",637,572.31085353,0
"RDN18-1",638,310.830347734,0
"RDN18-1",639,52.2961011591,0
"RDN18-1",640,2.20969441517,0
"RDN18-1",641,8.8387776607,0.663508052982
"RDN18-1",642,95.0168598525,1.14413389389
"RDN18-1",643,77.3393045311,0
"RDN18-1",644,106.065331928,0
"RDN18-1",645,39.7744994731,0
"RDN18-1",646,83.2318229715,0
"RDN18-1",647,209.184404636,1.76101032938
"RDN18-1",648,97.2265542677,0
"RDN18-1",649,103.119072708,0
"RDN18-1",650,27.9894625922,0
"RDN18-1",651,94.2802950474,0.75399858693
"RDN18-1",652,166.463645943,0
"RDN18-1",653,25.779768177,0
"RDN18-1",654,27.9894625922,0.837044307977
"RDN18-1",655,89.8609062171,1.14700291463
"RDN18-1",656,245.276080084,0.803204250976
"RDN18-1",657,151.732349842,0
"RDN18-1",658,55.9789251844,0
"RDN18-1",659,45.6670179136,1.07188182198
"RDN18-1",660,723.306638567,0.788094178939
"RDN18-1",661,428.680716544,0
"RDN18-1",662,688.688092729,0
"RDN18-1",663,609.139093783,0
"RDN18-1",664,522.961011591,0
"RDN18-1",665,506.020021075,0
"RDN18-1",666,1065.07270811,0
"RDN18-1",667,100.909378293,0
"RDN18-1",668,215.076923077,0
"RDN18-1",669,129.63540569,0.882550820989
"RDN18-1",670,313.04004215,0
"RDN18-1",671,261.480505796,1.42887203589
"RDN18-1",672,754.242360379,0
"RDN18-1",673,271.055848261,0
"RDN18-1",674,198.872497366,0
"RDN18-1",675,67.0273972603,0
"RDN18-1",676,57.4520547945,0
"RDN18-1",677,634.91886196,0.832954786546
"RDN18-1",678,383.750263435,0
"RDN18-1",679,514.858798736,0
"RDN18-1",680,790.334035827,0
"RDN18-1",681,461.826132771,0
"RDN18-1",682,92.0706006322,0
"RDN18-1",683,431.626975764,0
"RDN18-1",684,934.700737619,0
"RDN18-1",685,52.2961011591,0
"RDN18-1",686,36.0916754478,0
"RDN18-1",687,29.4625922023,0
"RDN18-1",688,41.9841938883,0
"RDN18-1",689,129.63540569,0
"RDN18-1",690,215.813487882,0
"RDN18-1",691,397.744994731,0
"RDN18-1",692,412.476290832,0.937541457765
"RDN18-1",693,340.292939937,0
"RDN18-1",694,588.515279241,0
"RDN18-1",695,97.2265542677,0.928102972804
"RDN18-1",696,165.727081138,1.99802184724
"RDN18-1",697,533.272918862,1.21156507103
"RDN18-1",698,778.548998946,0
"RDN18-1",699,151.732349842,0
"RDN18-1",700,136.264488936,0
"RDN18-1",701,50.822971549,0
"RDN18-1",702,53.7692307692,0
"RDN18-1",703,78.8124341412,0
"RDN18-1",704,160.571127503,0
"RDN18-1",705,133.318229715,0
"RDN18-1",706,369.755532139,2.6667887708
"RDN18-1",707,123.006322445,1.83548846871
"RDN18-1",708,318.93256059,0
"RDN18-1",709,294.625922023,0
"RDN18-1",710,102.382507903,0
"RDN18-1",711,36.0916754478,0
"RDN18-1",712,51.5595363541,0
"RDN18-1",713,140.683877766,0.806201308949
"RDN18-1",714,506.020021075,1.95432316302
"RDN18-1",715,114.904109589,0
"RDN18-1",716,182.668071654,0
"RDN18-1",717,611.348788198,0
"RDN18-1",718,159.097997893,0
"RDN18-1",719,188.560590095,0
"RDN18-1",720,106.065331928,0
"RDN18-1",721,52.2961011591,0
"RDN18-1",722,74.3930453109,1.05902855417
"RDN18-1",723,162.780821918,0
"RDN18-1",724,644.494204426,0
"RDN18-1",725,363.863013699,0
"RDN18-1",726,289.469968388,0
"RDN18-1",727,142.157007376,0
"RDN18-1",728,53.7692307692,0
"RDN18-1",729,173.829293994,0.967863518422
"RDN18-1",730,54.5057955743,0
"RDN18-1",731,29.4625922023,0
"RDN18-1",732,137.001053741,0
"RDN18-1",733,361.653319283,1.86128597765
"RDN18-1",734,286.523709168,2.55773354495
"RDN18-1",735,99.4362486828,0
"RDN18-1",736,56.7154899895,0
"RDN18-1",737,44.1938883035,0
"RDN18-1",738,35.3551106428,0
"RDN18-1",739,240.856691254,1.34535664884
"RDN18-1",740,237.173867229,3.07164844793
"RDN18-1",741,369.755532139,0
"RDN18-1",742,272.528977871,0
"RDN18-1",743,152.468914647,0
"RDN18-1",744,243.802950474,0
"RDN18-1",745,602.510010537,0
"RDN18-1",746,187.087460485,0
"RDN18-1",747,470.664910432,0
"RDN18-1",748,396.271865121,0
"RDN18-1",749,22.8335089568,0
"RDN18-1",750,3.68282402529,1.70415003748
"RDN18-1",751,19.1506849315,0
"RDN18-1",752,22.0969441517,0
"RDN18-1",753,8.10221285564,0.888574608617
"RDN18-1",754,14.7312961012,0
"RDN18-1",755,123.006322445,0.832198398773
"RDN18-1",756,738.774499473,2.15751026822
"RDN18-1",757,661.435194942,0
"RDN18-1",758,307.147523709,0
"RDN18-1",759,204.028451001,0
"RDN18-1",760,50.822971549,0
"RDN18-1",761,97.9631190727,0
"RDN18-1",762,211.394099052,0
"RDN18-1",763,29.4625922023,0.874075038922
"RDN18-1",764,100.172813488,0.845505886725
"RDN18-1",765,304.201264489,0
"RDN18-1",766,1073.91148577,0
"RDN18-1",767,72.1833508957,0
"RDN18-1",768,23.5700737619,0
"RDN18-1",769,289.469968388,0
"RDN18-1",770,111.957850369,0
"RDN18-1",771,192.979978925,1.92929306983
"RDN18-1",772,80.2855637513,0
"RDN18-1",773,94.2802950474,0
"RDN18-1",774,24.3066385669,0
"RDN18-1",775,103.855637513,0
"RDN18-1",776,35.3551106428,0
"RDN18-1",777,236.437302424,0
"RDN18-1",778,227.598524763,0
"RDN18-1",779,605.456269758,0
"RDN18-1",780,346.922023182,1.76365620586
"RDN18-1",781,121.533192835,0
"RDN18-1",782,99.4362486828,0
"RDN18-1",783,128.16227608,0
"RDN18-1",784,559.789251844,0
"RDN18-1",785,45.6670179136,0
"RDN18-1",786,142.157007376,0.936121435628
"RDN18-1",787,114.167544784,1.6162023382
"RDN18-1",788,532.536354057,0.790321140786
"RDN18-1",789,55.9789251844,3.23210710749
"RDN18-1",790,1391.37091675,0
"RDN18-1",791,627.553213909,0
"RDN18-1",792,889.033719705,0
"RDN18-1",793,253.37829294,0
"RDN18-1",794,446.358271865,0
"RDN18-1",795,188.560590095,0
"RDN18-1",796,350.604847208,0
"RDN18-1",797,55.2423603793,0
"RDN18-1",798,945.012644889,0
"RDN18-1",799,128.898840885,0
"RDN18-1",800,37.564805058,0
"RDN18-1",801,74.3930453109,0
"RDN18-1",802,47.1401475237,0
"RDN18-1",803,369.018967334,2.16767712995
"RDN18-1",804,413.949420443,0
"RDN18-1",805,187.087460485,0
"RDN18-1",806,801.382507903,0
"RDN18-1",807,295.362486828,0.920361678034
"RDN18-1",808,232.017913593,0
"RDN18-1",809,148.049525817,1.37502644119
"RDN18-1",810,209.920969442,0
"RDN18-1",811,699.736564805,0.912371558684
"RDN18-1",812,218.023182297,3.36030107887
"RDN18-1",813,114.167544784,0
"RDN18-1",814,61.8714436249,0
"RDN18-1",815,32.4088514226,1.17150857189
"RDN18-1",816,1376.63962065,0.865386410703
"RDN18-1",817,72.9199157007,0
"RDN18-1",818,284.314014752,0
"RDN18-1",819,592.934668072,0
"RDN18-1",820,530.326659642,0
"RDN18-1",821,301.991570074,0
"RDN18-1",822,50.822971549,0
"RDN18-1",823,219.496311907,1.44353423245
"RDN18-1",824,215.076923077,0
"RDN18-1",825,475.084299262,0
"RDN18-1",826,172.356164384,0
"RDN18-1",827,422.788198103,0
"RDN18-1",828,1102.63751317,0
"RDN18-1",829,571.574288725,0
"RDN18-1",830,547.267650158,0
"RDN18-1",831,919.969441517,0
"RDN18-1",832,247.485774499,0
"RDN18-1",833,405.110642782,0
"RDN18-1",834,270.319283456,0
"RDN18-1",835,159.097997893,0
"RDN18-1",836,57.4520547945,0
"RDN18-1",837,139.947312961,0
"RDN18-1",838,172.356164384,0
"RDN18-1",839,359.443624868,0
"RDN18-1",840,477.293993678,0
"RDN18-1",841,276.211801897,0
"RDN18-1",842,297.572181243,0
"RDN18-1",843,130.371970495,0
"RDN18-1",844,94.2802950474,0
"RDN18-1",845,25.043203372,0
"RDN18-1",846,451.514225501,0
"RDN18-1",847,517.068493151,0
"RDN18-1",848,68.5005268704,0
"RDN18-1",849,834.527924131,0
"RDN18-1",850,1062.8630137,0
"RDN18-1",851,82.4952581665,0
"RDN18-1",852,328.507903056,2.2317380783
"RDN18-1",853,458.879873551,1.3178986154
"RDN18-1",854,165.727081138,0
"RDN18-1",855,746.876712329,0.761335384071
"RDN18-1",856,235.700737619,0.681429960979
"RDN18-1",857,115.640674394,1.08900938809
"RDN18-1",858,810.221285564,1.41597863097
"RDN18-1",859,557.579557429,1.86707010552
"RDN18-1",860,847.049525817,0
"RDN18-1",861,669.537407798,0
"RDN18-1",862,2298.08219178,0
"RDN18-1",863,1414.94099052,0
"RDN18-1",864,326.298208641,0
"RDN18-1",865,60.3983140148,0
"RDN18-1",866,148.049525817,0
"RDN18-1",867,27.2528977871,0
"RDN18-1",868,1054.76080084,0
"RDN18-1",869,47.1401475237,0
"RDN18-1",870,26.5163329821,0
"RDN18-1",871,134.791359326,0
"RDN18-1",872,811.694415174,0
"RDN18-1",873,84.7049525817,0
"RDN18-1",874,26.5163329821,0.856153130925
"RDN18-1",875,18.4141201264,0
"RDN18-1",876,72.9199157007,0
"RDN18-1",877,14.7312961012,0
"RDN18-1",878,112.694415174,0
"RDN18-1",879,68.5005268704,0
"RDN18-1",880,299.781875659,0
"RDN18-1",881,373.438356164,0.684092385138
"RDN18-1",882,49.3498419389,0
"RDN18-1",883,69.9736564805,0
"RDN18-1",884,97.2265542677,0.754273516905
"RDN18-1",885,173.092729189,0
"RDN18-1",886,555.369863014,0
"RDN18-1",887,173.829293994,0
"RDN18-1",888,815.377239199,0
"RDN18-1",889,112.694415174,0
"RDN18-1",890,116.377239199,0
"RDN18-1",891,413.212855638,0
"RDN18-1",892,242.329820864,0
"RDN18-1",893,125.952581665,0
"RDN18-1",894,117.113804004,0
"RDN18-1",895,900.082191781,0
"RDN18-1",896,101.645943098,0
"RDN18-1",897,136.264488936,0
"RDN18-1",898,58.1886195996,0
"RDN18-1",899,67.0273972603,0
"RDN18-1",900,61.8714436249,0
"RDN18-1",901,184.141201264,0
"RDN18-1",902,16.9409905163,0
"RDN18-1",903,16.2044257113,1.37400143579
"RDN18-1",904,49.3498419389,0
"RDN18-1",905,53.0326659642,0
"RDN18-1",906,408.793466807,0
"RDN18-1",907,451.514225501,0
"RDN18-1",908,708.575342466,0
"RDN18-1",909,277.684931507,0
"RDN18-1",910,633.44573235,0
"RDN18-1",911,178.248682824,0
"RDN18-1",912,33.1454162276,0
"RDN18-1",913,29.4625922023,0.79161287873
"RDN18-1",914,615.031612223,0
"RDN18-1",915,334.400421496,0
"RDN18-1",916,470.664910432,0
"RDN18-1",917,346.922023182,0
"RDN18-1",918,926.598524763,0
"RDN18-1",919,674.693361433,0
"RDN18-1",920,219.496311907,0
"RDN18-1",921,86.9146469968,0
"RDN18-1",922,155.415173867,0
"RDN18-1",923,111.957850369,0
"RDN18-1",924,75.866174921,0
"RDN18-1",925,467.718651212,0
"RDN18-1",926,130.371970495,0
"RDN18-1",927,310.093782929,0
"RDN18-1",928,184.141201264,0
"RDN18-1",929,321.87881981,2.07157228612
"RDN18-1",930,159.834562698,0
"RDN18-1",931,135.527924131,0
"RDN18-1",932,475.084299262,0
"RDN18-1",933,107.538461538,0
"RDN18-1",934,122.26975764,0
"RDN18-1",935,136.264488936,0
"RDN18-1",936,45.6670179136,0
"RDN18-1",937,9.57534246575,0
"RDN18-1",938,26.5163329821,0
"RDN18-1",939,333.663856691,0
"RDN18-1",940,72.1833508957,0
"RDN18-1",941,152.468914647,0
"RDN18-1",942,86.9146469968,0
"RDN18-1",943,620.187565859,0
"RDN18-1",944,287.996838778,0
"RDN18-1",945,215.076923077,0
"RDN18-1",946,96.4899894626,0
"RDN18-1",947,131.845100105,0
"RDN18-1",948,436.782929399,0
"RDN18-1",949,93.5437302424,0
"RDN18-1",950,397.008429926,0
"RDN18-1",951,98.6996838778,0
"RDN18-1",952,60.3983140148,0
"RDN18-1",953,17.6775553214,0.763043726533
"RDN18-1",954,327.771338251,0
"RDN18-1",955,32.4088514226,0
"RDN18-1",956,106.065331928,0
"RDN18-1",957,332.927291886,0
"RDN18-1",958,366.072708114,0
"RDN18-1",959,142.893572181,0
"RDN18-1",960,758.66174921,0
"RDN18-1",961,112.694415174,0
"RDN18-1",962,1275.73024236,0
"RDN18-1",963,369.755532139,0
"RDN18-1",964,196.66280295,0
"RDN18-1",965,184.141201264,0
"RDN18-1",966,627.553213909,0.872569094066
"RDN18-1",967,256.32455216,0
"RDN18-1",968,243.066385669,0
"RDN18-1",969,294.625922023,0
"RDN18-1",970,114.904109589,2.29270452486
"RDN18-1",971,105.328767123,0
"RDN18-1",972,173.829293994,0
"RDN18-1",973,1464.29083246,0
"RDN18-1",974,28.7260273973,0
"RDN18-1",975,11.0484720759,0
"RDN18-1",976,14.7312961012,0
"RDN18-1",977,162.780821918,0
"RDN18-1",978,63.344573235,1.00353556372
"RDN18-1",979,199.609062171,0
"RDN18-1",980,440.465753425,0
"RDN18-1",981,362.389884089,0
"RDN18-1",982,320.4056902,0
"RDN18-1",983,135.527924131,0
"RDN18-1",984,24.3066385669,0
"RDN18-1",985,59.6617492097,0
"RDN18-1",986,36.8282402529,0
"RDN18-1",987,360.916754478,0
"RDN18-1",988,779.285563751,0
"RDN18-1",989,79.5489989463,0
"RDN18-1",990,97.9631190727,0
"RDN18-1",991,258.534246575,0
"RDN18-1",992,262.217070601,0.841899147244
"RDN18-1",993,147.312961012,2.05228801169
"RDN18-1",994,629.026343519,0
"RDN18-1",995,143.630136986,0
"RDN18-1",996,92.8071654373,0
"RDN18-1",997,551.687038988,0
"RDN18-1",998,545.794520548,0.711916920523
"RDN18-1",999,302.728134879,0
"RDN18-1",1000,176.038988409,0
"RDN18-1",1001,108.275026344,0
"RDN18-1",1002,397.744994731,0
"RDN18-1",1003,199.609062171,0
"RDN18-1",1004,908.920969442,0
"RDN18-1",1005,364.599578504,0.684587771101
"RDN18-1",1006,31.6722866175,0
"RDN18-1",1007,101.645943098,0
"RDN18-1",1008,474.347734457,0
"RDN18-1",1009,68.5005268704,0
"RDN18-1",1010,220.232876712,0
"RDN18-1",1011,203.291886196,0
"RDN18-1",1012,95.0168598525,0
"RDN18-1",1013,105.328767123,0
"RDN18-1",1014,288.733403583,0
"RDN18-1",1015,143.630136986,0
"RDN18-1",1016,244.539515279,0
"RDN18-1",1017,243.802950474,0
"RDN18-1",1018,167.936775553,0
"RDN18-1",1019,236.437302424,0
"RDN18-1",1020,174.565858799,1.09926684264
"RDN18-1",1021,107.538461538,0
"RDN18-1",1022,1045.92202318,0
"RDN18-1",1023,156.151738672,0
"RDN18-1",1024,24.3066385669,0
"RDN18-1",1025,148.049525817,0
"RDN18-1",1026,390.379346681,0
"RDN18-1",1027,117.850368809,0
"RDN18-1",1028,197.399367756,0
"RDN18-1",1029,674.693361433,0
"RDN18-1",1030,78.0758693361,2.22098981728
"RDN18-1",1031,117.113804004,0
"RDN18-1",1032,148.786090622,0.689794744502
"RDN18-1",1033,20.6238145416,0
"RDN18-1",1034,40.5110642782,0
"RDN18-1",1035,215.813487882,0
"RDN18-1",1036,242.329820864,0
"RDN18-1",1037,420.578503688,0
"RDN18-1",1038,176.038988409,0
"RDN18-1",1039,15.4678609062,0
"RDN18-1",1040,13.9947312961,0.837044307977
"RDN18-1",1041,25.779768177,0.835394570758
"RDN18-1",1042,209.184404636,1.01246770085
"RDN18-1",1043,452.250790306,0
"RDN18-1",1044,47.8767123288,0
"RDN18-1",1045,19.8872497366,0
"RDN18-1",1046,9.57534246575,0
"RDN18-1",1047,67.7639620653,0
"RDN18-1",1048,41.9841938883,0
"RDN18-1",1049,22.0969441517,0
"RDN18-1",1050,47.1401475237,0
"RDN18-1",1051,58.1886195996,0
"RDN18-1",1052,114.167544784,0
"RDN18-1",1053,176.038988409,0
"RDN18-1",1054,137.737618546,0
"RDN18-1",1055,223.915700738,0
"RDN18-1",1056,275.475237092,0
"RDN18-1",1057,363.126448894,0
"RDN18-1",1058,455.197049526,0
"RDN18-1",1059,357.970495258,0
"RDN18-1",1060,699,0
"RDN18-1",1061,402.164383562,2.42650929846
"RDN18-1",1062,100.172813488,1.87721474645
"RDN18-1",1063,53.7692307692,0
"RDN18-1",1064,452.250790306,0
"RDN18-1",1065,123.74288725,0
"RDN18-1",1066,219.496311907,0
"RDN18-1",1067,47.1401475237,0
"RDN18-1",1068,536.219178082,0
"RDN18-1",1069,123.74288725,0
"RDN18-1",1070,504.546891465,0
"RDN18-1",1071,55.2423603793,0
"RDN18-1",1072,33.1454162276,0
"RDN18-1",1073,216.550052687,0
"RDN18-1",1074,34.6185458377,0
"RDN18-1",1075,309.357218124,0
"RDN18-1",1076,57.4520547945,0
"RDN18-1",1077,53.7692307692,0
"RDN18-1",1078,198.872497366,0
"RDN18-1",1079,232.017913593,0
"RDN18-1",1080,623.870389884,0
"RDN18-1",1081,49.3498419389,0
"RDN18-1",1082,26.5163329821,0
"RDN18-1",1083,36.8282402529,0
"RDN18-1",1084,14.7312961012,0
"RDN18-1",1085,16.9409905163,0
"RDN18-1",1086,44.1938883035,0
"RDN18-1",1087,306.410958904,0
"RDN18-1",1088,496.444678609,0
"RDN18-1",1089,80.2855637513,0
"RDN18-1",1090,13.258166491,0
"RDN18-1",1091,110.484720759,1.4168680854
"RDN18-1",1092,40.5110642782,0
"RDN18-1",1093,78.0758693361,0
"RDN18-1",1094,212.867228662,0
"RDN18-1",1095,141.420442571,0
"RDN18-1",1096,312.303477345,0
"RDN18-1",1097,392.589041096,0
"RDN18-1",1098,96.4899894626,0
"RDN18-1",1099,16.2044257113,0
"RDN18-1",1100,10.3119072708,0
"RDN18-1",1101,89.8609062171,0
"RDN18-1",1102,160.571127503,0
"RDN18-1",1103,332.190727081,0
"RDN18-1",1104,287.996838778,0
"RDN18-1",1105,116.377239199,0
"RDN18-1",1106,34.6185458377,0
"RDN18-1",1107,15.4678609062,0
"RDN18-1",1108,20.6238145416,0
"RDN18-1",1109,19.1506849315,0
"RDN18-1",1110,24.3066385669,0
"RDN18-1",1111,32.4088514226,0
"RDN18-1",1112,138.474183351,0
"RDN18-1",1113,162.780821918,0
"RDN18-1",1114,159.834562698,0
"RDN18-1",1115,348.395152792,0
"RDN18-1",1116,190.77028451,1.64105320215
"RDN18-1",1117,48.6132771338,0
"RDN18-1",1118,69.2370916754,0
"RDN18-1",1119,278.421496312,0
"RDN18-1",1120,77.3393045311,0
"RDN18-1",1121,153.942044257,0
"RDN18-1",1122,94.2802950474,0
"RDN18-1",1123,110.484720759,0
"RDN18-1",1124,93.5437302424,0
"RDN18-1",1125,52.2961011591,0
"RDN18-1",1126,36.8282402529,1.55214694403
"RDN18-1",1127,72.9199157007,0
"RDN18-1",1128,12.521601686,0
"RDN18-1",1129,8.8387776607,0
"RDN18-1",1130,33.8819810327,0
"RDN18-1",1131,56.7154899895,0
"RDN18-1",1132,170.146469968,0
"RDN18-1",1133,50.822971549,0
"RDN18-1",1134,315.249736565,0
"RDN18-1",1135,255.587987355,0
"RDN18-1",1136,27.2528977871,0
"RDN18-1",1137,106.801896733,0
"RDN18-1",1138,60.3983140148,0.916453641192
"RDN18-1",1139,30.9357218124,3.97953554643
"RDN18-1",1140,10.3119072708,1.09319232823
"RDN18-1",1141,30.1991570074,0
"RDN18-1",1142,114.904109589,0
"RDN18-1",1143,97.2265542677,0
"RDN18-1",1144,66.2908324552,0
"RDN18-1",1145,10.3119072708,1.15732266565
"RDN18-1",1146,243.802950474,0
"RDN18-1",1147,8.10221285564,0
"RDN18-1",1148,5.89251844046,1.2484705537
"RDN18-1",1149,13.258166491,0
"RDN18-1",1150,45.6670179136,0
"RDN18-1",1151,27.9894625922,0
"RDN18-1",1152,2.94625922023,0
"RDN18-1",1153,0,0
"RDN18-1",1154,10.3119072708,0
"RDN18-1",1155,5.89251844046,0
"RDN18-1",1156,45.6670179136,0
"RDN18-1",1157,16.9409905163,0
"RDN18-1",1158,5.15595363541,0
"RDN18-1",1159,122.26975764,0
"RDN18-1",1160,12.521601686,0.877214746452
"RDN18-1",1161,15.4678609062,0.692654398642
"RDN18-1",1162,25.779768177,0
"RDN18-1",1163,3.68282402529,0
"RDN18-1",1164,2.94625922023,1.2484705537
"RDN18-1",1165,5.89251844046,0.900547250283
"RDN18-1",1166,11.0484720759,0
"RDN18-1",1167,6.62908324552,0
"RDN18-1",1168,2.94625922023,0
"RDN18-1",1169,0,0
"RDN18-1",1170,0,0
"RDN18-1",1171,2.94625922023,0
"RDN18-1",1172,5.15595363541,0.955688804475
"RDN18-1",1173,5.15595363541,1.33420042773
"RDN18-1",1174,23.5700737619,0
"RDN18-1",1175,8.10221285564,1.44111563165
"RDN18-1",1176,0.736564805058,2.44111563165
"RDN18-1",1177,4.41938883035,0
"RDN18-1",1178,7.36564805058,0.819627254899
"RDN18-1",1179,8.8387776607,0
"RDN18-1",1180,35.3551106428,0
"RDN18-1",1181,50.822971549,0
"RDN18-1",1182,38.301369863,0
"RDN18-1",1183,67.0273972603,0
"RDN18-1",1184,58.1886195996,0
"RDN18-1",1185,53.0326659642,0
"RDN18-1",1186,24.3066385669,0
"RDN18-1",1187,19.1506849315,0
"RDN18-1",1188,72.9199157007,0
"RDN18-1",1189,64.08113804,0
"RDN18-1",1190,1150.5142255,0
"RDN18-1",1191,15324.967334,0
"RDN18-1",1192,351.341412013,0
"RDN18-1",1193,883.141201264,1.75411209648
"RDN18-1",1194,74.3930453109,0
"RDN18-1",1195,2058.69863014,0
"RDN18-1",1196,67.7639620653,0
"RDN18-1",1197,37.564805058,0
"RDN18-1",1198,39.0379346681,0
"RDN18-1",1199,13.9947312961,1.10007871381
"RDN18-1",1200,13.258166491,0
"RDN18-1",1201,30.1991570074,0
"RDN18-1",1202,152.468914647,0
"RDN18-1",1203,275.475237092,0
"RDN18-1",1204,58.9251844046,0
"RDN18-1",1205,445.62170706,0
"RDN18-1",1206,58.9251844046,0
"RDN18-1",1207,422.788198103,0
"RDN18-1",1208,152.468914647,0
"RDN18-1",1209,44.1938883035,0
"RDN18-1",1210,51.5595363541,0
"RDN18-1",1211,12.521601686,0
"RDN18-1",1212,45.6670179136,0
"RDN18-1",1213,160.571127503,0
"RDN18-1",1214,136.264488936,0
"RDN18-1",1215,57.4520547945,0
"RDN18-1",1216,47.1401475237,0
"RDN18-1",1217,20.6238145416,1.61104063309
"RDN18-1",1218,456.670179136,0
"RDN18-1",1219,34.6185458377,2.91994978151
"RDN18-1",1220,1673.47523709,0
"RDN18-1",1221,39.7744994731,0
"RDN18-1",1222,237.910432034,0
"RDN18-1",1223,461.826132771,0
"RDN18-1",1224,185.614330875,0
"RDN18-1",1225,204.765015806,0
"RDN18-1",1226,56.7154899895,3.15446866859
"RDN18-1",1227,32.4088514226,2.29456696829
"RDN18-1",1228,23.5700737619,0
"RDN18-1",1229,299.045310854,0
"RDN18-1",1230,138.474183351,0
"RDN18-1",1231,86.9146469968,0
"RDN18-1",1232,16.9409905163,0
"RDN18-1",1233,558.316122234,0
"RDN18-1",1234,40.5110642782,0
"RDN18-1",1235,109.748155954,0
"RDN18-1",1236,21.3603793467,0
"RDN18-1",1237,398.481559536,0
"RDN18-1",1238,318.93256059,0
"RDN18-1",1239,254.114857745,0
"RDN18-1",1240,56.7154899895,0
"RDN18-1",1241,99.4362486828,0
"RDN18-1",1242,49.3498419389,0
"RDN18-1",1243,55.9789251844,0
"RDN18-1",1244,60.3983140148,0
"RDN18-1",1245,64.8177028451,3.10321753035
"RDN18-1",1246,401.427818757,4.96651790691
"RDN18-1",1247,103.855637513,0.832945739763
"RDN18-1",1248,240.856691254,0
"RDN18-1",1249,389.642781876,0
"RDN18-1",1250,340.292939937,0
"RDN18-1",1251,321.87881981,0
"RDN18-1",1252,366.809272919,0
"RDN18-1",1253,49.3498419389,0
"RDN18-1",1254,61.8714436249,0
"RDN18-1",1255,528.853530032,0
"RDN18-1",1256,234.964172813,0
"RDN18-1",1257,302.728134879,0
"RDN18-1",1258,384.48682824,0
"RDN18-1",1259,238.646996839,0
"RDN18-1",1260,164.253951528,0
"RDN18-1",1261,232.754478398,0.672610260089
"RDN18-1",1262,39.7744994731,0
"RDN18-1",1263,38.301369863,1.13299333628
"RDN18-1",1264,55.2423603793,3.32864090239
"RDN18-1",1265,62.6080084299,3.23629583976
"RDN18-1",1266,23.5700737619,0
"RDN18-1",1267,167.936775553,0
"RDN18-1",1268,50.822971549,0
"RDN18-1",1269,17.6775553214,0.763043726533
"RDN18-1",1270,69.2370916754,0
"RDN18-1",1271,121.533192835,0.733004900152
"RDN18-1",1272,262.953635406,0
"RDN18-1",1273,111.957850369,0
"RDN18-1",1274,718.887249737,0
"RDN18-1",1275,174.565858799,0
"RDN18-1",1276,30.9357218124,0
"RDN18-1",1277,132.58166491,0
"RDN18-1",1278,329.244467861,0
"RDN18-1",1279,32.4088514226,0
"RDN18-1",1280,89.8609062171,1.11029113627
"RDN18-1",1281,287.996838778,0
"RDN18-1",1282,355.760800843,0
"RDN18-1",1283,218.023182297,0
"RDN18-1",1284,179.721812434,0.665196403135
"RDN18-1",1285,464.035827187,0
"RDN18-1",1286,85.4415173867,0
"RDN18-1",1287,95.0168598525,0
"RDN18-1",1288,295.362486828,0
"RDN18-1",1289,70.7102212856,0
"RDN18-1",1290,72.9199157007,0
"RDN18-1",1291,243.066385669,0
"RDN18-1",1292,88.387776607,0
"RDN18-1",1293,48.6132771338,0
"RDN18-1",1294,73.6564805058,0
"RDN18-1",1295,103.855637513,0
"RDN18-1",1296,106.065331928,0
"RDN18-1",1297,141.420442571,0
"RDN18-1",1298,81.0221285564,0
"RDN18-1",1299,676.166491043,0
"RDN18-1",1300,504.546891465,0
"RDN18-1",1301,293.152792413,0
"RDN18-1",1302,237.173867229,0
"RDN18-1",1303,193.71654373,0
"RDN18-1",1304,307.884088514,0
"RDN18-1",1305,178.985247629,0
"RDN18-1",1306,233.491043203,0
"RDN18-1",1307,187.82402529,0
"RDN18-1",1308,199.609062171,0
"RDN18-1",1309,508.22971549,0
"RDN18-1",1310,928.071654373,0
"RDN18-1",1311,103.119072708,0
"RDN18-1",1312,847.786090622,0
"RDN18-1",1313,699,0
"RDN18-1",1314,456.670179136,0
"RDN18-1",1315,363.126448894,0
"RDN18-1",1316,254.85142255,0
"RDN18-1",1317,54.5057955743,0
"RDN18-1",1318,663.644889357,1.15320934189
"RDN18-1",1319,298.308746048,2.23466475418
"RDN18-1",1320,526.643835616,0
"RDN18-1",1321,971.528977871,0
"RDN18-1",1322,75.1296101159,0
"RDN18-1",1323,96.4899894626,0
"RDN18-1",1324,237.173867229,0
"RDN18-1",1325,769.710221286,1.70242329276
"RDN18-1",1326,134.054794521,0
"RDN18-1",1327,48.6132771338,0
"RDN18-1",1328,89.124341412,0
"RDN18-1",1329,44.1938883035,0
"RDN18-1",1330,380.804004215,0
"RDN18-1",1331,58.9251844046,0
"RDN18-1",1332,129.63540569,0
"RDN18-1",1333,333.663856691,0
"RDN18-1",1334,216.550052687,0
"RDN18-1",1335,268.846153846,0
"RDN18-1",1336,536.219178082,0
"RDN18-1",1337,150.259220232,0
"RDN18-1",1338,105.328767123,0.690635231005
"RDN18-1",1339,326.298208641,0
"RDN18-1",1340,582.622760801,0
"RDN18-1",1341,136.264488936,0
"RDN18-1",1342,450.04109589,0
"RDN18-1",1343,92.8071654373,0
"RDN18-1",1344,77.3393045311,0
"RDN18-1",1345,714.467860906,0
"RDN18-1",1346,252.641728135,1.79548389792
"RDN18-1",1347,212.130663857,0
"RDN18-1",1348,193.71654373,0
"RDN18-1",1349,78.0758693361,0
"RDN18-1",1350,28.7260273973,0
"RDN18-1",1351,81.7586933614,0
"RDN18-1",1352,203.291886196,0
"RDN18-1",1353,143.630136986,0
"RDN18-1",1354,127.425711275,0
"RDN18-1",1355,385.95995785,0
"RDN18-1",1356,150.259220232,0
"RDN18-1",1357,181.931506849,0
"RDN18-1",1358,113.430979979,0
"RDN18-1",1359,674.693361433,0
"RDN18-1",1360,265.163329821,0.853144381052
"RDN18-1",1361,713.731296101,0
"RDN18-1",1362,290.206533193,0
"RDN18-1",1363,211.394099052,0
"RDN18-1",1364,190.033719705,0
"RDN18-1",1365,107.538461538,0
"RDN18-1",1366,33.1454162276,0.782152549481
"RDN18-1",1367,137.001053741,1.39781184742
"RDN18-1",1368,233.491043203,0
"RDN18-1",1369,267.373024236,0
"RDN18-1",1370,941.329820864,0
"RDN18-1",1371,405.847207587,1.40934858583
"RDN18-1",1372,326.298208641,0
"RDN18-1",1373,93.5437302424,0
"RDN18-1",1374,444.14857745,0
"RDN18-1",1375,62.6080084299,0.704150037479
"RDN18-1",1376,310.093782929,0
"RDN18-1",1377,424.261327713,0
"RDN18-1",1378,106.065331928,0
"RDN18-1",1379,648.177028451,0
"RDN18-1",1380,478.030558483,0
"RDN18-1",1381,300.518440464,0
"RDN18-1",1382,117.113804004,0.800658018333
"RDN18-1",1383,103.855637513,1.65471110474
"RDN18-1",1384,21.3603793467,0
"RDN18-1",1385,34.6185458377,0
"RDN18-1",1386,49.3498419389,0
"RDN18-1",1387,500.864067439,0
"RDN18-1",1388,198.135932561,0
"RDN18-1",1389,226.861959958,0
"RDN18-1",1390,629.026343519,0
"RDN18-1",1391,477.293993678,0.844417022874
"RDN18-1",1392,33.8819810327,0
"RDN18-1",1393,21.3603793467,0
"RDN18-1",1394,75.866174921,1.26240974466
"RDN18-1",1395,277.684931507,0
"RDN18-1",1396,399.954689146,0
"RDN18-1",1397,796.963119073,0
"RDN18-1",1398,286.523709168,0
"RDN18-1",1399,495.708113804,0
"RDN18-1",1400,138.474183351,0
"RDN18-1",1401,161.307692308,0
"RDN18-1",1402,276.211801897,0
"RDN18-1",1403,129.63540569,0
"RDN18-1",1404,27.9894625922,0.865613460174
"RDN18-1",1405,534.746048472,0
"RDN18-1",1406,223.915700738,0
"RDN18-1",1407,30.1991570074,0
"RDN18-1",1408,46.4035827187,0
"RDN18-1",1409,276.211801897,0
"RDN18-1",1410,120.79662803,0
"RDN18-1",1411,149.522655427,0
"RDN18-1",1412,777.812434141,0
"RDN18-1",1413,739.511064278,0
"RDN18-1",1414,326.298208641,0
"RDN18-1",1415,48.6132771338,0.682123731149
"RDN18-1",1416,204.765015806,0
"RDN18-1",1417,57.4520547945,0
"RDN18-1",1418,157.624868282,0.738567634537
"RDN18-1",1419,209.184404636,0.730160364719
"RDN18-1",1420,221.706006322,0
"RDN18-1",1421,570.101159115,1.60481405872
"RDN18-1",1422,780.758693361,0
"RDN18-1",1423,630.49947313,0
"RDN18-1",1424,1471.65648051,0
"RDN18-1",1425,218.759747102,0
"RDN18-1",1426,514.12223393,0
"RDN18-1",1427,68.5005268704,1.47181242887
"RDN18-1",1428,109.748155954,1.60565140366
"RDN18-1",1429,622.397260274,0
"RDN18-1",1430,293.152792413,0
"RDN18-1",1431,457.406743941,0
"RDN18-1",1432,581.886195996,0
"RDN18-1",1433,150.259220232,0
"RDN18-1",1434,137.737618546,0
"RDN18-1",1435,1031.92729189,0
"RDN18-1",1436,224.652265543,0
"RDN18-1",1437,235.700737619,0
"RDN18-1",1438,243.066385669,0
"RDN18-1",1439,341.029504742,0
"RDN18-1",1440,537.692307692,0
"RDN18-1",1441,897.872497366,0
"RDN18-1",1442,715.204425711,0
"RDN18-1",1443,504.546891465,0
"RDN18-1",1444,162.780821918,0
"RDN18-1",1445,1126.94415174,0
"RDN18-1",1446,99.4362486828,0
"RDN18-1",1447,338.819810327,0
"RDN18-1",1448,564.945205479,0
"RDN18-1",1449,822.006322445,0
"RDN18-1",1450,773.393045311,0
"RDN18-1",1451,241.593256059,0
"RDN18-1",1452,74.3930453109,0
"RDN18-1",1453,39.7744994731,0
"RDN18-1",1454,65.5542676502,0
"RDN18-1",1455,162.780821918,0
"RDN18-1",1456,66.2908324552,0
"RDN18-1",1457,268.846153846,0
"RDN18-1",1458,120.79662803,0
"RDN18-1",1459,1096.74499473,0
"RDN18-1",1460,75.866174921,1.30150956435
"RDN18-1",1461,260.743940991,0
"RDN18-1",1462,44.1938883035,0
"RDN18-1",1463,210.657534247,0
"RDN18-1",1464,53.0326659642,0
"RDN18-1",1465,96.4899894626,0
"RDN18-1",1466,81.0221285564,0
"RDN18-1",1467,125.21601686,0
"RDN18-1",1468,1189.55216017,0
"RDN18-1",1469,63.344573235,0
"RDN18-1",1470,748.349841939,0
"RDN18-1",1471,106.065331928,0
"RDN18-1",1472,131.1085353,0
"RDN18-1",1473,85.4415173867,0
"RDN18-1",1474,901.555321391,0.879825959909
"RDN18-1",1475,27.9894625922,0
"RDN18-1",1476,19.8872497366,0
"RDN18-1",1477,48.6132771338,0
"RDN18-1",1478,89.8609062171,0
"RDN18-1",1479,97.2265542677,0
"RDN18-1",1480,226.861959958,0
"RDN18-1",1481,69.9736564805,0
"RDN18-1",1482,148.786090622,0
"RDN18-1",1483,189.2971549,0
"RDN18-1",1484,72.9199157007,0
"RDN18-1",1485,50.0864067439,0
"RDN18-1",1486,44.1938883035,0
"RDN18-1",1487,148.786090622,0
"RDN18-1",1488,413.949420443,2.55224201768
"RDN18-1",1489,248.95890411,0
"RDN18-1",1490,520.751317176,0
"RDN18-1",1491,357.233930453,0
"RDN18-1",1492,1727.24446786,1.15825856905
"RDN18-1",1493,380.804004215,1.11359568851
"RDN18-1",1494,396.271865121,0
"RDN18-1",1495,271.792413066,0
"RDN18-1",1496,212.130663857,0
"RDN18-1",1497,66.2908324552,0
"RDN18-1",1498,132.58166491,0
"RDN18-1",1499,173.829293994,0
"RDN18-1",1500,106.065331928,0
"RDN18-1",1501,67.0273972603,0
"RDN18-1",1502,176.038988409,0.919627190736
"RDN18-1",1503,107.538461538,2.20548738315
"RDN18-1",1504,114.167544784,0
"RDN18-1",1505,33.1454162276,0
"RDN18-1",1506,125.21601686,1.15066576823
"RDN18-1",1507,383.01369863,0.836600333503
"RDN18-1",1508,196.66280295,0
"RDN18-1",1509,578.939936776,0
"RDN18-1",1510,257.79768177,0
"RDN18-1",1511,61.8714436249,0
"RDN18-1",1512,237.910432034,0
"RDN18-1",1513,326.298208641,0
"RDN18-1",1514,260.007376185,0
"RDN18-1",1515,824.952581665,0
"RDN18-1",1516,595.144362487,0
"RDN18-1",1517,402.900948367,0
"RDN18-1",1518,460.353003161,0
"RDN18-1",1519,338.819810327,0
"RDN18-1",1520,358.707060063,2.19545443451
"RDN18-1",1521,58.9251844046,2.29909662677
"RDN18-1",1522,48.6132771338,0
"RDN18-1",1523,45.6670179136,0
"RDN18-1",1524,332.927291886,0
"RDN18-1",1525,813.167544784,0
"RDN18-1",1526,174.565858799,0
"RDN18-1",1527,559.789251844,0
"RDN18-1",1528,238.646996839,0
"RDN18-1",1529,53.0326659642,0
"RDN18-1",1530,167.200210748,0
"RDN18-1",1531,631.236037935,0
"RDN18-1",1532,133.318229715,0
"RDN18-1",1533,210.657534247,0
"RDN18-1",1534,247.485774499,0
"RDN18-1",1535,232.017913593,0
"RDN18-1",1536,486.132771338,0
"RDN18-1",1537,200.345626976,0
"RDN18-1",1538,54.5057955743,0
"RDN18-1",1539,20.6238145416,0
"RDN18-1",1540,70.7102212856,0
"RDN18-1",1541,73.6564805058,0
"RDN18-1",1542,693.844046365,0
"RDN18-1",1543,281.367755532,0
"RDN18-1",1544,246.012644889,0
"RDN18-1",1545,97.2265542677,0
"RDN18-1",1546,111.221285564,0
"RDN18-1",1547,310.093782929,0
"RDN18-1",1548,65.5542676502,0
"RDN18-1",1549,721.833508957,0
"RDN18-1",1550,534.746048472,0
"RDN18-1",1551,194.453108535,0
"RDN18-1",1552,178.985247629,0
"RDN18-1",1553,370.492096944,0
"RDN18-1",1554,441.938883035,0
"RDN18-1",1555,710.048472076,0
"RDN18-1",1556,1112.94942044,1.16984653341
"RDN18-1",1557,412.476290832,0
"RDN18-1",1558,1121.7881981,0
"RDN18-1",1559,554.633298209,0
"RDN18-1",1560,262.217070601,0
"RDN18-1",1561,180.458377239,0
"RDN18-1",1562,131.1085353,0
"RDN18-1",1563,563.472075869,0
"RDN18-1",1564,406.583772392,0
"RDN18-1",1565,478.767123288,0
"RDN18-1",1566,1622.65226554,0
"RDN18-1",1567,162.780821918,0
"RDN18-1",1568,1015.72286617,0
"RDN18-1",1569,1300.03688093,0
"RDN18-1",1570,137.737618546,0
"RDN18-1",1571,136.264488936,0
"RDN18-1",1572,138.474183351,0
"RDN18-1",1573,111.221285564,0
"RDN18-1",1574,1407.57534247,0
"RDN18-1",1575,213.603793467,0
"RDN18-1",1576,804.328767123,0
"RDN18-1",1577,763.08113804,0
"RDN18-1",1578,1362.64488936,0
"RDN18-1",1579,483.923076923,0
"RDN18-1",1580,328.507903056,0
"RDN18-1",1581,747.613277134,0
"RDN18-1",1582,802.855637513,0
"RDN18-1",1583,230.544783983,0
"RDN18-1",1584,822.006322445,0
"RDN18-1",1585,960.480505796,0
"RDN18-1",1586,281.367755532,0
"RDN18-1",1587,340.292939937,0
"RDN18-1",1588,189.2971549,0
"RDN18-1",1589,517.805057956,0
"RDN18-1",1590,214.340358272,0
"RDN18-1",1591,592.198103267,0
"RDN18-1",1592,332.190727081,0
"RDN18-1",1593,205.501580611,1.07854555226
"RDN18-1",1594,721.096944152,0
"RDN18-1",1595,355.760800843,0
"RDN18-1",1596,2569.87460485,0
"RDN18-1",1597,803.592202318,0
"RDN18-1",1598,466.245521602,0
"RDN18-1",1599,664.381454162,0
"RDN18-1",1600,248.222339305,0
"RDN18-1",1601,419.105374078,0
"RDN18-1",1602,774.129610116,0
"RDN18-1",1603,495.708113804,0
"RDN18-1",1604,478.030558483,0
"RDN18-1",1605,141.420442571,0
"RDN18-1",1606,539.902002107,0
"RDN18-1",1607,619.451001054,0
"RDN18-1",1608,594.407797682,0
"RDN18-1",1609,184.141201264,0
"RDN18-1",1610,1612.34035827,0
"RDN18-1",1611,762.344573235,0
"RDN18-1",1612,889.033719705,0
"RDN18-1",1613,3065.58271865,0
"RDN18-1",1614,181.194942044,0
"RDN18-1",1615,360.180189673,0
"RDN18-1",1616,838.947312961,0
"RDN18-1",1617,237.910432034,0
"RDN18-1",1618,243.802950474,0
"RDN18-1",1619,280.631190727,0
"RDN18-1",1620,301.255005269,0
"RDN18-1",1621,236.437302424,0
"RDN18-1",1622,287.260273973,0
"RDN18-1",1623,201.082191781,0
"RDN18-1",1624,247.485774499,0
"RDN18-1",1625,606.929399368,0
"RDN18-1",1626,667.327713383,0
"RDN18-1",1627,364.599578504,0
"RDN18-1",1628,333.663856691,0
"RDN18-1",1629,397.008429926,0
"RDN18-1",1630,1806.056902,0
"RDN18-1",1631,130.371970495,0
"RDN18-1",1632,3704.92096944,0
"RDN18-1",1633,213.603793467,0
"RDN18-1",1634,1305.92939937,0
"RDN18-1",1635,227.598524763,0
"RDN18-1",1636,74.3930453109,0
"RDN18-1",1637,150.259220232,0
"RDN18-1",1638,160.571127503,0.872603651705
"RDN18-1",1639,200.345626976,0.719975004641
"RDN18-1",1640,77.3393045311,0
"RDN18-1",1641,62.6080084299,0
"RDN18-1",1642,595.880927292,0
"RDN18-1",1643,74.3930453109,0
"RDN18-1",1644,138.474183351,0
"RDN18-1",1645,98.6996838778,0
"RDN18-1",1646,338.819810327,0
"RDN18-1",1647,171.619599579,0
"RDN18-1",1648,173.092729189,0
"RDN18-1",1649,198.872497366,0
"RDN18-1",1650,417.632244468,0
"RDN18-1",1651,178.248682824,1.23649791204
"RDN18-1",1652,53.0326659642,0
"RDN18-1",1653,40.5110642782,0
"RDN18-1",1654,408.793466807,0
"RDN18-1",1655,297.572181243,0
"RDN18-1",1656,175.302423604,0
"RDN18-1",1657,54.5057955743,0
"RDN18-1",1658,120.79662803,0
"RDN18-1",1659,328.507903056,0
"RDN18-1",1660,64.8177028451,0
"RDN18-1",1661,26.5163329821,0
"RDN18-1",1662,89.8609062171,0
"RDN18-1",1663,98.6996838778,0
"RDN18-1",1664,339.556375132,0
"RDN18-1",1665,466.982086407,0
"RDN18-1",1666,276.211801897,0
"RDN18-1",1667,182.668071654,0
"RDN18-1",1668,148.049525817,0
"RDN18-1",1669,46.4035827187,0
"RDN18-1",1670,128.898840885,0
"RDN18-1",1671,46.4035827187,0
"RDN18-1",1672,47.1401475237,0
"RDN18-1",1673,91.3340358272,0
"RDN18-1",1674,66.2908324552,0
"RDN18-1",1675,497.181243414,0
"RDN18-1",1676,114.167544784,0
"RDN18-1",1677,63.344573235,0
"RDN18-1",1678,23.5700737619,0
"RDN18-1",1679,41.9841938883,0
"RDN18-1",1680,368.282402529,0
"RDN18-1",1681,634.182297155,3.46356077817
"RDN18-1",1682,206.238145416,0
"RDN18-1",1683,105.328767123,0
"RDN18-1",1684,116.377239199,0
"RDN18-1",1685,121.533192835,0
"RDN18-1",1686,677.639620653,0
"RDN18-1",1687,412.476290832,0
"RDN18-1",1688,482.449947313,0
"RDN18-1",1689,148.786090622,0.932651268399
"RDN18-1",1690,113.430979979,0
"RDN18-1",1691,85.4415173867,0
"RDN18-1",1692,178.248682824,0
"RDN18-1",1693,139.947312961,0
"RDN18-1",1694,75.866174921,0
"RDN18-1",1695,11.7850368809,0
"RDN18-1",1696,29.4625922023,0
"RDN18-1",1697,18.4141201264,0
"RDN18-1",1698,138.474183351,0
"RDN18-1",1699,215.813487882,0
"RDN18-1",1700,173.829293994,0
"RDN18-1",1701,693.844046365,0.725182058049
"RDN18-1",1702,152.468914647,0.942385528569
"RDN18-1",1703,749.086406744,0
"RDN18-1",1704,503.81032666,0
"RDN18-1",1705,47.1401475237,0
"RDN18-1",1706,740.247629083,0
"RDN18-1",1707,468.455216017,1.35102757923
"RDN18-1",1708,151.732349842,0
"RDN18-1",1709,1079.06743941,0
"RDN18-1",1710,91.3340358272,0
"RDN18-1",1711,154.678609062,0
"RDN18-1",1712,96.4899894626,1.95843941549
"RDN18-1",1713,36.0916754478,0
"RDN18-1",1714,68.5005268704,1.02089789326
"RDN18-1",1715,21.3603793467,1.04256625516
"RDN18-1",1716,23.5700737619,0
"RDN18-1",1717,28.7260273973,0.799569602558
"RDN18-1",1718,47.8767123288,0
"RDN18-1",1719,8.10221285564,0.789038935066
"RDN18-1",1720,65.5542676502,1.23216874137
"RDN18-1",1721,301.991570074,2.27930492027
"RDN18-1",1722,234.964172813,0
"RDN18-1",1723,255.587987355,0
"RDN18-1",1724,31.6722866175,0
"RDN18-1",1725,14.7312961012,0
"RDN18-1",1726,22.0969441517,0
"RDN18-1",1727,240.856691254,0
"RDN18-1",1728,20.6238145416,0
"RDN18-1",1729,13.9947312961,0
"RDN18-1",1730,103.855637513,0
"RDN18-1",1731,258.534246575,2.65378694701
"RDN18-1",1732,126.68914647,0
"RDN18-1",1733,289.469968388,0
"RDN18-1",1734,55.9789251844,0
"RDN18-1",1735,10.3119072708,0
"RDN18-1",1736,16.2044257113,0
"RDN18-1",1737,165.727081138,0
"RDN18-1",1738,30.9357218124,0
"RDN18-1",1739,352.814541623,0
"RDN18-1",1740,162.044257113,0
"RDN18-1",1741,437.519494204,0
"RDN18-1",1742,209.184404636,0
"RDN18-1",1743,122.26975764,0
"RDN18-1",1744,44.1938883035,0
"RDN18-1",1745,25.043203372,0
"RDN18-1",1746,10.3119072708,0
"RDN18-1",1747,7.36564805058,0
"RDN18-1",1748,24.3066385669,0
"RDN18-1",1749,54.5057955743,2.71144253005
"RDN18-1",1750,15.4678609062,2.00299451925
"RDN18-1",1751,50.822971549,0
"RDN18-1",1752,0.736564805058,1.44111563165
"RDN18-1",1753,0,0
"RDN18-1",1754,3.68282402529,1.11918753676
"RDN18-1",1755,1.47312961012,2.02607813237
"RDN18-1",1756,0.736564805058,3.2484705537
"RDN18-1",1757,40.5110642782,0
"RDN18-1",1758,0,0
"RDN18-1",1759,1.47312961012,2.02607813237
"RDN18-1",1760,2.94625922023,2.2484705537
"RDN18-1",1761,0,0
"RDN18-1",1762,8.10221285564,1.37400143579
"RDN18-1",1763,0,0
"RDN18-1",1764,57.4520547945,0
"RDN18-1",1765,0,0
"RDN18-1",1766,0,0
"RDN18-1",1767,0.736564805058,0
"RDN18-1",1768,0.736564805058,3.76304372653
"RDN18-1",1769,6.62908324552,0
"RDN18-1",1770,13.258166491,0.730622248841
"RDN18-1",1771,2.20969441517,1.85615313092
"RDN18-1",1772,0,0
"RDN18-1",1773,4.41938883035,1.02607813237
"RDN18-1",1774,1.47312961012,2.2484705537
"RDN18-1",1775,0,0
"RDN18-1",1776,0,0
"RDN18-1",1777,1.47312961012,0
"RDN18-1",1778,0,0
"RDN18-1",1779,3.68282402529,0
"RDN18-1",1780,14.7312961012,0.704150037479
"RDN18-1",1781,0,0
"RDN18-1",1782,0,0
"RDN18-1",1783,0,0
"RDN18-1",1784,0,0
"RDN18-1",1785,0,0
"RDN18-1",1786,0,0
"RDN18-1",1787,0,0
"RDN18-1",1788,0,0
"RDN18-1",1789,0,0
"RDN18-1",1790,0,0
"RDN18-1",1791,0,0
"RDN18-1",1792,0,0
"RDN18-1",1793,0,0
"RDN18-1",1794,0,0
"RDN18-1",1795,0,0
"RDN18-1",1796,0,0
"RDN18-1",1797,0,0
"RDN18-1",1798,0,0
"RDN18-1",1799,0,0
"RDN18-1",1800,0,0
